[{"model": "admin.logentry", "pk": 1, "fields": {"action_time": "2022-11-11T00:06:23.365Z", "user": 1, "content_type": 6, "object_id": "1", "object_repr": "Shirts", "action_flag": 1, "change_message": "[{\"added\": {}}]"}}, {"model": "admin.logentry", "pk": 2, "fields": {"action_time": "2022-11-11T00:53:19.234Z", "user": 1, "content_type": 6, "object_id": "1", "object_repr": "Shirts", "action_flag": 2, "change_message": "[]"}}, {"model": "admin.logentry", "pk": 3, "fields": {"action_time": "2022-11-11T00:54:02.585Z", "user": 1, "content_type": 6, "object_id": "2", "object_repr": "T shirts", "action_flag": 1, "change_message": "[{\"added\": {}}]"}}, {"model": "admin.logentry", "pk": 4, "fields": {"action_time": "2022-11-11T00:55:01.991Z", "user": 1, "content_type": 6, "object_id": "3", "object_repr": "Shoes", "action_flag": 1, "change_message": "[{\"added\": {}}]"}}, {"model": "admin.logentry", "pk": 5, "fields": {"action_time": "2022-11-11T00:55:38.559Z", "user": 1, "content_type": 6, "object_id": "4", "object_repr": "Jeans", "action_flag": 1, "change_message": "[{\"added\": {}}]"}}, {"model": "admin.logentry", "pk": 6, "fields": {"action_time": "2022-11-11T00:56:01.574Z", "user": 1, "content_type": 6, "object_id": "5", "object_repr": "Jacket", "action_flag": 1, "change_message": "[{\"added\": {}}]"}}, {"model": "admin.logentry", "pk": 7, "fields": {"action_time": "2022-11-12T17:15:43.362Z", "user": 1, "content_type": 8, "object_id": "1", "object_repr": "ATX Jeans", "action_flag": 1, "change_message": "[{\"added\": {}}]"}}, {"model": "admin.logentry", "pk": 8, "fields": {"action_time": "2022-11-12T17:16:30.946Z", "user": 1, "content_type": 8, "object_id": "2", "object_repr": "RXN Blue Shirt", "action_flag": 1, "change_message": "[{\"added\": {}}]"}}, {"model": "admin.logentry", "pk": 9, "fields": {"action_time": "2022-11-12T17:17:08.276Z", "user": 1, "content_type": 8, "object_id": "3", "object_repr": "Great Tshirt", "action_flag": 1, "change_message": "[{\"added\": {}}]"}}, {"model": "admin.logentry", "pk": 10, "fields": {"action_time": "2022-11-12T17:18:19.967Z", "user": 1, "content_type": 8, "object_id": "4", "object_repr": "MJ Basketball Shoes", "action_flag": 1, "change_message": "[{\"added\": {}}]"}}, {"model": "admin.logentry", "pk": 11, "fields": {"action_time": "2022-11-12T17:18:46.710Z", "user": 1, "content_type": 8, "object_id": "2", "object_repr": "RXN Blue Shirt", "action_flag": 2, "change_message": "[{\"changed\": {\"fields\": [\"Price\"]}}]"}}, {"model": "admin.logentry", "pk": 12, "fields": {"action_time": "2022-11-12T17:18:56.325Z", "user": 1, "content_type": 8, "object_id": "3", "object_repr": "Great Tshirt", "action_flag": 2, "change_message": "[{\"changed\": {\"fields\": [\"Price\"]}}]"}}, {"model": "admin.logentry", "pk": 13, "fields": {"action_time": "2022-11-12T17:19:02.807Z", "user": 1, "content_type": 8, "object_id": "4", "object_repr": "MJ Basketball Shoes", "action_flag": 2, "change_message": "[{\"changed\": {\"fields\": [\"Stock\"]}}]"}}, {"model": "admin.logentry", "pk": 14, "fields": {"action_time": "2022-11-12T17:19:42.607Z", "user": 1, "content_type": 8, "object_id": "5", "object_repr": "Mavi Jeans", "action_flag": 1, "change_message": "[{\"added\": {}}]"}}, {"model": "admin.logentry", "pk": 15, "fields": {"action_time": "2022-11-12T17:20:14.040Z", "user": 1, "content_type": 8, "object_id": "6", "object_repr": "Puma Ferrari Shoes", "action_flag": 1, "change_message": "[{\"added\": {}}]"}}, {"model": "admin.logentry", "pk": 16, "fields": {"action_time": "2022-11-12T17:21:07.719Z", "user": 1, "content_type": 8, "object_id": "7", "object_repr": "US Polo Assn Jacket", "action_flag": 1, "change_message": "[{\"added\": {}}]"}}, {"model": "admin.logentry", "pk": 17, "fields": {"action_time": "2022-11-12T17:22:13.061Z", "user": 1, "content_type": 8, "object_id": "8", "object_repr": "Wrangler Shirt", "action_flag": 1, "change_message": "[{\"added\": {}}]"}}, {"model": "admin.logentry", "pk": 18, "fields": {"action_time": "2022-11-12T19:32:21.285Z", "user": 1, "content_type": 8, "object_id": "3", "object_repr": "Great Tshirt", "action_flag": 2, "change_message": "[{\"changed\": {\"fields\": [\"Stock\"]}}]"}}, {"model": "admin.logentry", "pk": 19, "fields": {"action_time": "2022-11-12T19:33:16.966Z", "user": 1, "content_type": 8, "object_id": "3", "object_repr": "Great Tshirt", "action_flag": 2, "change_message": "[{\"changed\": {\"fields\": [\"Stock\"]}}]"}}, {"model": "admin.logentry", "pk": 20, "fields": {"action_time": "2022-11-13T18:36:47.209Z", "user": 1, "content_type": 8, "object_id": "3", "object_repr": "Great Tshirt", "action_flag": 2, "change_message": "[{\"changed\": {\"fields\": [\"Stock\"]}}]"}}, {"model": "admin.logentry", "pk": 21, "fields": {"action_time": "2022-11-15T02:41:09.155Z", "user": 1, "content_type": 11, "object_id": "1", "object_repr": "Variation object (1)", "action_flag": 1, "change_message": "[{\"added\": {}}]"}}, {"model": "admin.logentry", "pk": 22, "fields": {"action_time": "2022-11-15T02:41:17.988Z", "user": 1, "content_type": 11, "object_id": "2", "object_repr": "Variation object (2)", "action_flag": 1, "change_message": "[{\"added\": {}}]"}}, {"model": "admin.logentry", "pk": 23, "fields": {"action_time": "2022-11-15T02:41:24.098Z", "user": 1, "content_type": 11, "object_id": "3", "object_repr": "Variation object (3)", "action_flag": 1, "change_message": "[{\"added\": {}}]"}}, {"model": "admin.logentry", "pk": 24, "fields": {"action_time": "2022-11-15T02:46:21.594Z", "user": 1, "content_type": 11, "object_id": "1", "object_repr": "Variation object (1)", "action_flag": 2, "change_message": "[{\"changed\": {\"fields\": [\"Variation value\"]}}]"}}, {"model": "admin.logentry", "pk": 25, "fields": {"action_time": "2022-11-15T02:54:44.509Z", "user": 1, "content_type": 11, "object_id": "4", "object_repr": "Variation object (4)", "action_flag": 1, "change_message": "[{\"added\": {}}]"}}, {"model": "admin.logentry", "pk": 26, "fields": {"action_time": "2022-11-15T02:54:52.242Z", "user": 1, "content_type": 11, "object_id": "5", "object_repr": "Variation object (5)", "action_flag": 1, "change_message": "[{\"added\": {}}]"}}, {"model": "admin.logentry", "pk": 27, "fields": {"action_time": "2022-11-15T02:55:00.227Z", "user": 1, "content_type": 11, "object_id": "6", "object_repr": "Variation object (6)", "action_flag": 1, "change_message": "[{\"added\": {}}]"}}, {"model": "admin.logentry", "pk": 28, "fields": {"action_time": "2022-11-17T00:52:24.482Z", "user": 1, "content_type": 10, "object_id": "31", "object_repr": "CartItem object (31)", "action_flag": 2, "change_message": "[]"}}, {"model": "admin.logentry", "pk": 29, "fields": {"action_time": "2022-11-17T00:53:38.037Z", "user": 1, "content_type": 10, "object_id": "31", "object_repr": "CartItem object (31)", "action_flag": 2, "change_message": "[]"}}, {"model": "admin.logentry", "pk": 30, "fields": {"action_time": "2022-11-17T02:32:05.485Z", "user": 1, "content_type": 10, "object_id": "33", "object_repr": "CartItem object (33)", "action_flag": 2, "change_message": "[{\"changed\": {\"fields\": [\"Variations\"]}}]"}}, {"model": "admin.logentry", "pk": 31, "fields": {"action_time": "2022-11-17T02:35:10.818Z", "user": 1, "content_type": 10, "object_id": "33", "object_repr": "CartItem object (33)", "action_flag": 3, "change_message": ""}}, {"model": "admin.logentry", "pk": 32, "fields": {"action_time": "2022-11-17T02:36:29.743Z", "user": 1, "content_type": 10, "object_id": "34", "object_repr": "CartItem object (34)", "action_flag": 2, "change_message": "[]"}}, {"model": "admin.logentry", "pk": 33, "fields": {"action_time": "2022-11-17T03:17:09.206Z", "user": 1, "content_type": 10, "object_id": "38", "object_repr": "CartItem object (38)", "action_flag": 3, "change_message": ""}}, {"model": "admin.logentry", "pk": 34, "fields": {"action_time": "2022-11-25T22:44:06.857Z", "user": 1, "content_type": 7, "object_id": "7", "object_repr": "aayushleafs@gmail.com", "action_flag": 3, "change_message": ""}}, {"model": "admin.logentry", "pk": 35, "fields": {"action_time": "2022-11-25T22:55:11.583Z", "user": 1, "content_type": 7, "object_id": "8", "object_repr": "aayushleafs@gmail.com", "action_flag": 3, "change_message": ""}}, {"model": "admin.logentry", "pk": 36, "fields": {"action_time": "2022-11-25T23:09:10.871Z", "user": 1, "content_type": 7, "object_id": "10", "object_repr": "aayushleafs@gmail.com", "action_flag": 3, "change_message": ""}}, {"model": "admin.logentry", "pk": 37, "fields": {"action_time": "2022-11-25T23:09:54.652Z", "user": 1, "content_type": 7, "object_id": "11", "object_repr": "aayushleafs@gmail.com", "action_flag": 3, "change_message": ""}}, {"model": "admin.logentry", "pk": 38, "fields": {"action_time": "2022-11-25T23:10:12.734Z", "user": 1, "content_type": 7, "object_id": "12", "object_repr": "aayushleafs@gmail.com", "action_flag": 3, "change_message": ""}}, {"model": "admin.logentry", "pk": 39, "fields": {"action_time": "2022-11-25T23:20:30.065Z", "user": 1, "content_type": 7, "object_id": "13", "object_repr": "aayushleafs@gmail.com", "action_flag": 3, "change_message": ""}}, {"model": "admin.logentry", "pk": 40, "fields": {"action_time": "2022-11-25T23:46:27.614Z", "user": 1, "content_type": 7, "object_id": "14", "object_repr": "aayushleafs@gmail.com", "action_flag": 3, "change_message": ""}}, {"model": "admin.logentry", "pk": 41, "fields": {"action_time": "2022-11-25T23:49:36.145Z", "user": 1, "content_type": 7, "object_id": "15", "object_repr": "aayushleafs@gmail.com", "action_flag": 3, "change_message": ""}}, {"model": "admin.logentry", "pk": 42, "fields": {"action_time": "2022-11-25T23:54:27.800Z", "user": 1, "content_type": 7, "object_id": "16", "object_repr": "aayushleafs@gmail.com", "action_flag": 3, "change_message": ""}}, {"model": "admin.logentry", "pk": 43, "fields": {"action_time": "2022-11-25T23:56:54.982Z", "user": 1, "content_type": 7, "object_id": "17", "object_repr": "aayushleafs@gmail.com", "action_flag": 3, "change_message": ""}}, {"model": "admin.logentry", "pk": 44, "fields": {"action_time": "2022-11-25T23:58:03.429Z", "user": 1, "content_type": 7, "object_id": "18", "object_repr": "aayushleafs@gmail.com", "action_flag": 3, "change_message": ""}}, {"model": "admin.logentry", "pk": 45, "fields": {"action_time": "2022-11-26T00:02:49.845Z", "user": 1, "content_type": 7, "object_id": "19", "object_repr": "aayushleafs@gmail.com", "action_flag": 3, "change_message": ""}}, {"model": "admin.logentry", "pk": 46, "fields": {"action_time": "2022-11-26T00:35:01.139Z", "user": 1, "content_type": 7, "object_id": "20", "object_repr": "aayushleafs@gmail.com", "action_flag": 3, "change_message": ""}}, {"model": "admin.logentry", "pk": 47, "fields": {"action_time": "2022-11-26T00:36:13.963Z", "user": 1, "content_type": 7, "object_id": "21", "object_repr": "aayushleafs@gmail.com", "action_flag": 3, "change_message": ""}}, {"model": "admin.logentry", "pk": 48, "fields": {"action_time": "2022-11-26T00:38:20.432Z", "user": 1, "content_type": 7, "object_id": "22", "object_repr": "aayushleafs@gmail.com", "action_flag": 3, "change_message": ""}}, {"model": "admin.logentry", "pk": 49, "fields": {"action_time": "2022-11-26T00:41:05.185Z", "user": 1, "content_type": 7, "object_id": "23", "object_repr": "aayushleafs@gmail.com", "action_flag": 3, "change_message": ""}}, {"model": "admin.logentry", "pk": 50, "fields": {"action_time": "2022-11-26T00:44:45.172Z", "user": 1, "content_type": 7, "object_id": "26", "object_repr": "aayushleafs@gmail.com", "action_flag": 3, "change_message": ""}}, {"model": "admin.logentry", "pk": 51, "fields": {"action_time": "2022-11-26T00:44:59.797Z", "user": 1, "content_type": 7, "object_id": "27", "object_repr": "aayushleafs@gmail.com", "action_flag": 3, "change_message": ""}}, {"model": "admin.logentry", "pk": 52, "fields": {"action_time": "2022-11-26T00:50:31.793Z", "user": 1, "content_type": 7, "object_id": "28", "object_repr": "aayushleafs@gmail.com", "action_flag": 3, "change_message": ""}}, {"model": "admin.logentry", "pk": 53, "fields": {"action_time": "2022-11-26T00:50:34.738Z", "user": 1, "content_type": 7, "object_id": "25", "object_repr": "storefront3416@gmail.com", "action_flag": 3, "change_message": ""}}, {"model": "admin.logentry", "pk": 54, "fields": {"action_time": "2022-11-26T00:50:37.536Z", "user": 1, "content_type": 7, "object_id": "24", "object_repr": "aayushleafs3@gmail.com", "action_flag": 3, "change_message": ""}}, {"model": "admin.logentry", "pk": 55, "fields": {"action_time": "2022-11-26T00:50:40.748Z", "user": 1, "content_type": 7, "object_id": "9", "object_repr": "aayushleafs1@gmail.com", "action_flag": 3, "change_message": ""}}, {"model": "admin.logentry", "pk": 56, "fields": {"action_time": "2022-11-26T00:52:23.660Z", "user": 1, "content_type": 7, "object_id": "29", "object_repr": "aayushleafs@gmail.com", "action_flag": 3, "change_message": ""}}, {"model": "admin.logentry", "pk": 57, "fields": {"action_time": "2022-11-26T03:28:57.784Z", "user": 1, "content_type": 7, "object_id": "30", "object_repr": "aayushleafs@gmail.com", "action_flag": 3, "change_message": ""}}, {"model": "admin.logentry", "pk": 58, "fields": {"action_time": "2022-11-26T18:49:10.845Z", "user": 1, "content_type": 9, "object_id": "7", "object_repr": "cbo2zt7z18dp5kl5l0jgn7lm8lyn7yzs", "action_flag": 3, "change_message": ""}}, {"model": "admin.logentry", "pk": 59, "fields": {"action_time": "2022-11-26T18:49:10.857Z", "user": 1, "content_type": 9, "object_id": "6", "object_repr": "amwbltv0ragqm4vwsu2v8ohyv2y9iin4", "action_flag": 3, "change_message": ""}}, {"model": "admin.logentry", "pk": 60, "fields": {"action_time": "2022-11-26T18:49:10.869Z", "user": 1, "content_type": 9, "object_id": "5", "object_repr": "98lnzw74n3hjrad325xmso6tjharyqbo", "action_flag": 3, "change_message": ""}}, {"model": "admin.logentry", "pk": 61, "fields": {"action_time": "2022-11-26T18:49:10.881Z", "user": 1, "content_type": 9, "object_id": "4", "object_repr": "089sekr8t3wbar37511npphtu745tb5k", "action_flag": 3, "change_message": ""}}, {"model": "admin.logentry", "pk": 62, "fields": {"action_time": "2022-11-26T18:49:10.894Z", "user": 1, "content_type": 9, "object_id": "3", "object_repr": "c1hlbejs82votr1jcclyjnd7m2m81w53", "action_flag": 3, "change_message": ""}}, {"model": "admin.logentry", "pk": 63, "fields": {"action_time": "2022-11-26T18:49:10.906Z", "user": 1, "content_type": 9, "object_id": "2", "object_repr": "skm7l15q7xj81s3oxx9swcj00lmiv6rd", "action_flag": 3, "change_message": ""}}, {"model": "admin.logentry", "pk": 64, "fields": {"action_time": "2022-11-26T18:49:10.918Z", "user": 1, "content_type": 9, "object_id": "1", "object_repr": "p24h8hijar04htzrn1vbdr4h9dhsjqos", "action_flag": 3, "change_message": ""}}, {"model": "admin.logentry", "pk": 65, "fields": {"action_time": "2022-11-26T19:08:27.429Z", "user": 1, "content_type": 9, "object_id": "8", "object_repr": "bfbwzn2xiy4drqsv6tltww0npheqkwkk", "action_flag": 3, "change_message": ""}}, {"model": "admin.logentry", "pk": 66, "fields": {"action_time": "2022-11-26T19:25:54.134Z", "user": 1, "content_type": 9, "object_id": "9", "object_repr": "iztj9y8nd8wwej5ni48vtt0zi3bqf5ge", "action_flag": 3, "change_message": ""}}, {"model": "admin.logentry", "pk": 67, "fields": {"action_time": "2022-11-26T19:26:16.052Z", "user": 1, "content_type": 10, "object_id": "65", "object_repr": "CartItem object (65)", "action_flag": 3, "change_message": ""}}, {"model": "admin.logentry", "pk": 68, "fields": {"action_time": "2022-11-26T19:36:56.178Z", "user": 1, "content_type": 10, "object_id": "70", "object_repr": "CartItem object (70)", "action_flag": 3, "change_message": ""}}, {"model": "admin.logentry", "pk": 69, "fields": {"action_time": "2022-11-26T19:36:56.192Z", "user": 1, "content_type": 10, "object_id": "69", "object_repr": "CartItem object (69)", "action_flag": 3, "change_message": ""}}, {"model": "admin.logentry", "pk": 70, "fields": {"action_time": "2022-11-26T19:36:56.205Z", "user": 1, "content_type": 10, "object_id": "68", "object_repr": "CartItem object (68)", "action_flag": 3, "change_message": ""}}, {"model": "admin.logentry", "pk": 71, "fields": {"action_time": "2022-11-26T19:36:56.219Z", "user": 1, "content_type": 10, "object_id": "66", "object_repr": "CartItem object (66)", "action_flag": 3, "change_message": ""}}, {"model": "admin.logentry", "pk": 72, "fields": {"action_time": "2022-11-26T19:37:01.771Z", "user": 1, "content_type": 9, "object_id": "12", "object_repr": "p0idy7ju7k6u8smk00hw58f3kgzzno7p", "action_flag": 3, "change_message": ""}}, {"model": "admin.logentry", "pk": 73, "fields": {"action_time": "2022-11-26T19:37:01.781Z", "user": 1, "content_type": 9, "object_id": "11", "object_repr": "ip0tec8emn360tqjouvodhfp4r6soe6h", "action_flag": 3, "change_message": ""}}, {"model": "admin.logentry", "pk": 74, "fields": {"action_time": "2022-11-26T19:37:01.794Z", "user": 1, "content_type": 9, "object_id": "10", "object_repr": "lpbmk95j3h0xz192y82pdmkld54x7dic", "action_flag": 3, "change_message": ""}}, {"model": "admin.logentry", "pk": 75, "fields": {"action_time": "2022-11-30T01:47:04.145Z", "user": 1, "content_type": 13, "object_id": "45", "object_repr": "Aayush", "action_flag": 3, "change_message": ""}}, {"model": "admin.logentry", "pk": 76, "fields": {"action_time": "2022-11-30T01:47:04.158Z", "user": 1, "content_type": 13, "object_id": "44", "object_repr": "Aayush", "action_flag": 3, "change_message": ""}}, {"model": "admin.logentry", "pk": 77, "fields": {"action_time": "2022-11-30T01:47:04.169Z", "user": 1, "content_type": 13, "object_id": "43", "object_repr": "Aayush", "action_flag": 3, "change_message": ""}}, {"model": "admin.logentry", "pk": 78, "fields": {"action_time": "2022-11-30T01:47:04.180Z", "user": 1, "content_type": 13, "object_id": "42", "object_repr": "Aayush", "action_flag": 3, "change_message": ""}}, {"model": "admin.logentry", "pk": 79, "fields": {"action_time": "2022-11-30T01:47:04.191Z", "user": 1, "content_type": 13, "object_id": "41", "object_repr": "Aayush", "action_flag": 3, "change_message": ""}}, {"model": "admin.logentry", "pk": 80, "fields": {"action_time": "2022-11-30T01:47:04.202Z", "user": 1, "content_type": 13, "object_id": "40", "object_repr": "Aayush", "action_flag": 3, "change_message": ""}}, {"model": "admin.logentry", "pk": 81, "fields": {"action_time": "2022-11-30T01:47:04.213Z", "user": 1, "content_type": 13, "object_id": "39", "object_repr": "Aayush", "action_flag": 3, "change_message": ""}}, {"model": "admin.logentry", "pk": 82, "fields": {"action_time": "2022-11-30T01:47:04.223Z", "user": 1, "content_type": 13, "object_id": "38", "object_repr": "Aayush", "action_flag": 3, "change_message": ""}}, {"model": "admin.logentry", "pk": 83, "fields": {"action_time": "2022-11-30T01:47:04.234Z", "user": 1, "content_type": 13, "object_id": "37", "object_repr": "Aayush", "action_flag": 3, "change_message": ""}}, {"model": "admin.logentry", "pk": 84, "fields": {"action_time": "2022-11-30T01:47:04.245Z", "user": 1, "content_type": 13, "object_id": "36", "object_repr": "Aayush", "action_flag": 3, "change_message": ""}}, {"model": "admin.logentry", "pk": 85, "fields": {"action_time": "2022-11-30T01:47:04.255Z", "user": 1, "content_type": 13, "object_id": "35", "object_repr": "Aayush", "action_flag": 3, "change_message": ""}}, {"model": "admin.logentry", "pk": 86, "fields": {"action_time": "2022-11-30T01:47:04.266Z", "user": 1, "content_type": 13, "object_id": "34", "object_repr": "Aayush", "action_flag": 3, "change_message": ""}}, {"model": "admin.logentry", "pk": 87, "fields": {"action_time": "2022-11-30T01:47:04.277Z", "user": 1, "content_type": 13, "object_id": "33", "object_repr": "Aayush", "action_flag": 3, "change_message": ""}}, {"model": "admin.logentry", "pk": 88, "fields": {"action_time": "2022-11-30T01:47:04.289Z", "user": 1, "content_type": 13, "object_id": "32", "object_repr": "Aayush", "action_flag": 3, "change_message": ""}}, {"model": "admin.logentry", "pk": 89, "fields": {"action_time": "2022-11-30T01:47:04.301Z", "user": 1, "content_type": 13, "object_id": "31", "object_repr": "Aayush", "action_flag": 3, "change_message": ""}}, {"model": "admin.logentry", "pk": 90, "fields": {"action_time": "2022-11-30T01:47:04.314Z", "user": 1, "content_type": 13, "object_id": "30", "object_repr": "Aayush", "action_flag": 3, "change_message": ""}}, {"model": "admin.logentry", "pk": 91, "fields": {"action_time": "2022-11-30T01:47:04.325Z", "user": 1, "content_type": 13, "object_id": "29", "object_repr": "Aayush", "action_flag": 3, "change_message": ""}}, {"model": "admin.logentry", "pk": 92, "fields": {"action_time": "2022-11-30T01:47:04.336Z", "user": 1, "content_type": 13, "object_id": "28", "object_repr": "Aayush", "action_flag": 3, "change_message": ""}}, {"model": "admin.logentry", "pk": 93, "fields": {"action_time": "2022-11-30T01:47:04.347Z", "user": 1, "content_type": 13, "object_id": "27", "object_repr": "Aayush", "action_flag": 3, "change_message": ""}}, {"model": "admin.logentry", "pk": 94, "fields": {"action_time": "2022-11-30T01:47:04.359Z", "user": 1, "content_type": 13, "object_id": "26", "object_repr": "Aayush", "action_flag": 3, "change_message": ""}}, {"model": "admin.logentry", "pk": 95, "fields": {"action_time": "2022-11-30T01:50:16.158Z", "user": 1, "content_type": 15, "object_id": "1", "object_repr": "Amazing!", "action_flag": 2, "change_message": "[{\"changed\": {\"fields\": [\"Rating\"]}}]"}}, {"model": "admin.logentry", "pk": 96, "fields": {"action_time": "2022-11-30T02:30:21.947Z", "user": 1, "content_type": 15, "object_id": "2", "object_repr": "Test email", "action_flag": 1, "change_message": "[{\"added\": {}}]"}}, {"model": "admin.logentry", "pk": 97, "fields": {"action_time": "2022-11-30T02:36:06.045Z", "user": 1, "content_type": 15, "object_id": "2", "object_repr": "Test email", "action_flag": 2, "change_message": "[{\"changed\": {\"fields\": [\"Rating\"]}}]"}}, {"model": "admin.logentry", "pk": 98, "fields": {"action_time": "2022-11-30T02:39:40.373Z", "user": 1, "content_type": 15, "object_id": "2", "object_repr": "Test email", "action_flag": 2, "change_message": "[{\"changed\": {\"fields\": [\"Rating\"]}}]"}}, {"model": "admin.logentry", "pk": 99, "fields": {"action_time": "2022-11-30T23:27:21.062Z", "user": 1, "content_type": 16, "object_id": "1", "object_repr": "Aayush", "action_flag": 1, "change_message": "[{\"added\": {}}]"}}, {"model": "admin.logentry", "pk": 100, "fields": {"action_time": "2022-12-01T03:07:06.390Z", "user": 1, "content_type": 16, "object_id": "2", "object_repr": "store", "action_flag": 3, "change_message": ""}}, {"model": "admin.logentry", "pk": 101, "fields": {"action_time": "2022-12-01T03:07:15.602Z", "user": 1, "content_type": 7, "object_id": "32", "object_repr": "storefront3416@gmail.com", "action_flag": 3, "change_message": ""}}, {"model": "admin.logentry", "pk": 102, "fields": {"action_time": "2022-12-01T03:08:29.583Z", "user": 1, "content_type": 16, "object_id": "3", "object_repr": "Store", "action_flag": 2, "change_message": "[]"}}, {"model": "admin.logentry", "pk": 103, "fields": {"action_time": "2022-12-01T03:08:35.517Z", "user": 1, "content_type": 16, "object_id": "3", "object_repr": "Store", "action_flag": 2, "change_message": "[]"}}, {"model": "admin.logentry", "pk": 104, "fields": {"action_time": "2022-12-01T23:15:51.728Z", "user": 1, "content_type": 11, "object_id": "7", "object_repr": "Blue", "action_flag": 1, "change_message": "[{\"added\": {}}]"}}, {"model": "admin.logentry", "pk": 105, "fields": {"action_time": "2022-12-01T23:16:06.882Z", "user": 1, "content_type": 11, "object_id": "8", "object_repr": "Small", "action_flag": 1, "change_message": "[{\"added\": {}}]"}}, {"model": "admin.logentry", "pk": 106, "fields": {"action_time": "2022-12-01T23:16:16.132Z", "user": 1, "content_type": 11, "object_id": "9", "object_repr": "Medium", "action_flag": 1, "change_message": "[{\"added\": {}}]"}}, {"model": "admin.logentry", "pk": 107, "fields": {"action_time": "2022-12-01T23:19:31.051Z", "user": 1, "content_type": 11, "object_id": "10", "object_repr": "Large", "action_flag": 1, "change_message": "[{\"added\": {}}]"}}, {"model": "admin.logentry", "pk": 108, "fields": {"action_time": "2022-12-01T23:20:05.269Z", "user": 1, "content_type": 11, "object_id": "11", "object_repr": "Black", "action_flag": 1, "change_message": "[{\"added\": {}}]"}}, {"model": "admin.logentry", "pk": 109, "fields": {"action_time": "2022-12-01T23:20:18.612Z", "user": 1, "content_type": 11, "object_id": "12", "object_repr": "1", "action_flag": 1, "change_message": "[{\"added\": {}}]"}}, {"model": "admin.logentry", "pk": 110, "fields": {"action_time": "2022-12-01T23:20:26.153Z", "user": 1, "content_type": 11, "object_id": "13", "object_repr": "2", "action_flag": 1, "change_message": "[{\"added\": {}}]"}}, {"model": "admin.logentry", "pk": 111, "fields": {"action_time": "2022-12-01T23:20:39.080Z", "user": 1, "content_type": 11, "object_id": "14", "object_repr": "3", "action_flag": 1, "change_message": "[{\"added\": {}}]"}}, {"model": "admin.logentry", "pk": 112, "fields": {"action_time": "2022-12-01T23:20:47.235Z", "user": 1, "content_type": 11, "object_id": "15", "object_repr": "4", "action_flag": 1, "change_message": "[{\"added\": {}}]"}}, {"model": "admin.logentry", "pk": 113, "fields": {"action_time": "2022-12-01T23:20:53.118Z", "user": 1, "content_type": 11, "object_id": "16", "object_repr": "5", "action_flag": 1, "change_message": "[{\"added\": {}}]"}}, {"model": "admin.logentry", "pk": 114, "fields": {"action_time": "2022-12-01T23:20:58.510Z", "user": 1, "content_type": 11, "object_id": "17", "object_repr": "6", "action_flag": 1, "change_message": "[{\"added\": {}}]"}}, {"model": "admin.logentry", "pk": 115, "fields": {"action_time": "2022-12-01T23:21:04.566Z", "user": 1, "content_type": 11, "object_id": "18", "object_repr": "7", "action_flag": 1, "change_message": "[{\"added\": {}}]"}}, {"model": "admin.logentry", "pk": 116, "fields": {"action_time": "2022-12-01T23:21:11.894Z", "user": 1, "content_type": 11, "object_id": "19", "object_repr": "8", "action_flag": 1, "change_message": "[{\"added\": {}}]"}}, {"model": "admin.logentry", "pk": 117, "fields": {"action_time": "2022-12-01T23:21:21.892Z", "user": 1, "content_type": 11, "object_id": "20", "object_repr": "9", "action_flag": 1, "change_message": "[{\"added\": {}}]"}}, {"model": "admin.logentry", "pk": 118, "fields": {"action_time": "2022-12-01T23:21:46.145Z", "user": 1, "content_type": 11, "object_id": "21", "object_repr": "10", "action_flag": 1, "change_message": "[{\"added\": {}}]"}}, {"model": "admin.logentry", "pk": 119, "fields": {"action_time": "2022-12-01T23:21:51.609Z", "user": 1, "content_type": 11, "object_id": "22", "object_repr": "11", "action_flag": 1, "change_message": "[{\"added\": {}}]"}}, {"model": "admin.logentry", "pk": 120, "fields": {"action_time": "2022-12-01T23:21:57.691Z", "user": 1, "content_type": 11, "object_id": "23", "object_repr": "12", "action_flag": 1, "change_message": "[{\"added\": {}}]"}}, {"model": "admin.logentry", "pk": 121, "fields": {"action_time": "2022-12-01T23:22:03.809Z", "user": 1, "content_type": 11, "object_id": "24", "object_repr": "13", "action_flag": 1, "change_message": "[{\"added\": {}}]"}}, {"model": "admin.logentry", "pk": 122, "fields": {"action_time": "2022-12-01T23:28:24.353Z", "user": 1, "content_type": 11, "object_id": "24", "object_repr": "13", "action_flag": 3, "change_message": ""}}, {"model": "admin.logentry", "pk": 123, "fields": {"action_time": "2022-12-01T23:28:24.367Z", "user": 1, "content_type": 11, "object_id": "23", "object_repr": "12", "action_flag": 3, "change_message": ""}}, {"model": "admin.logentry", "pk": 124, "fields": {"action_time": "2022-12-01T23:28:24.384Z", "user": 1, "content_type": 11, "object_id": "22", "object_repr": "11", "action_flag": 3, "change_message": ""}}, {"model": "admin.logentry", "pk": 125, "fields": {"action_time": "2022-12-01T23:28:24.401Z", "user": 1, "content_type": 11, "object_id": "21", "object_repr": "10", "action_flag": 3, "change_message": ""}}, {"model": "admin.logentry", "pk": 126, "fields": {"action_time": "2022-12-01T23:28:59.494Z", "user": 1, "content_type": 11, "object_id": "25", "object_repr": "Blue", "action_flag": 1, "change_message": "[{\"added\": {}}]"}}, {"model": "admin.logentry", "pk": 127, "fields": {"action_time": "2022-12-01T23:29:09.755Z", "user": 1, "content_type": 11, "object_id": "26", "object_repr": "Black", "action_flag": 1, "change_message": "[{\"added\": {}}]"}}, {"model": "admin.logentry", "pk": 128, "fields": {"action_time": "2022-12-01T23:29:29.482Z", "user": 1, "content_type": 11, "object_id": "27", "object_repr": "Grey", "action_flag": 1, "change_message": "[{\"added\": {}}]"}}, {"model": "admin.logentry", "pk": 129, "fields": {"action_time": "2022-12-01T23:29:38.779Z", "user": 1, "content_type": 11, "object_id": "28", "object_repr": "Small", "action_flag": 1, "change_message": "[{\"added\": {}}]"}}, {"model": "admin.logentry", "pk": 130, "fields": {"action_time": "2022-12-01T23:29:54.145Z", "user": 1, "content_type": 11, "object_id": "29", "object_repr": "Medium", "action_flag": 1, "change_message": "[{\"added\": {}}]"}}, {"model": "admin.logentry", "pk": 131, "fields": {"action_time": "2022-12-01T23:30:03.632Z", "user": 1, "content_type": 11, "object_id": "30", "object_repr": "Large", "action_flag": 1, "change_message": "[{\"added\": {}}]"}}, {"model": "admin.logentry", "pk": 132, "fields": {"action_time": "2022-12-01T23:30:32.044Z", "user": 1, "content_type": 11, "object_id": "31", "object_repr": "Black", "action_flag": 1, "change_message": "[{\"added\": {}}]"}}, {"model": "admin.logentry", "pk": 133, "fields": {"action_time": "2022-12-01T23:30:42.531Z", "user": 1, "content_type": 11, "object_id": "32", "object_repr": "1", "action_flag": 1, "change_message": "[{\"added\": {}}]"}}, {"model": "admin.logentry", "pk": 134, "fields": {"action_time": "2022-12-01T23:30:48.759Z", "user": 1, "content_type": 11, "object_id": "33", "object_repr": "2", "action_flag": 1, "change_message": "[{\"added\": {}}]"}}, {"model": "admin.logentry", "pk": 135, "fields": {"action_time": "2022-12-01T23:30:57.188Z", "user": 1, "content_type": 11, "object_id": "34", "object_repr": "3", "action_flag": 1, "change_message": "[{\"added\": {}}]"}}, {"model": "admin.logentry", "pk": 136, "fields": {"action_time": "2022-12-01T23:31:04.162Z", "user": 1, "content_type": 11, "object_id": "35", "object_repr": "4", "action_flag": 1, "change_message": "[{\"added\": {}}]"}}, {"model": "admin.logentry", "pk": 137, "fields": {"action_time": "2022-12-01T23:31:11.575Z", "user": 1, "content_type": 11, "object_id": "36", "object_repr": "5", "action_flag": 1, "change_message": "[{\"added\": {}}]"}}, {"model": "admin.logentry", "pk": 138, "fields": {"action_time": "2022-12-01T23:31:17.606Z", "user": 1, "content_type": 11, "object_id": "37", "object_repr": "6", "action_flag": 1, "change_message": "[{\"added\": {}}]"}}, {"model": "admin.logentry", "pk": 139, "fields": {"action_time": "2022-12-01T23:31:25.816Z", "user": 1, "content_type": 11, "object_id": "38", "object_repr": "7", "action_flag": 1, "change_message": "[{\"added\": {}}]"}}, {"model": "admin.logentry", "pk": 140, "fields": {"action_time": "2022-12-01T23:31:33.776Z", "user": 1, "content_type": 11, "object_id": "39", "object_repr": "8", "action_flag": 1, "change_message": "[{\"added\": {}}]"}}, {"model": "admin.logentry", "pk": 141, "fields": {"action_time": "2022-12-01T23:31:42.026Z", "user": 1, "content_type": 11, "object_id": "40", "object_repr": "9", "action_flag": 1, "change_message": "[{\"added\": {}}]"}}, {"model": "admin.logentry", "pk": 142, "fields": {"action_time": "2022-12-01T23:32:50.385Z", "user": 1, "content_type": 11, "object_id": "41", "object_repr": "Brown", "action_flag": 1, "change_message": "[{\"added\": {}}]"}}, {"model": "admin.logentry", "pk": 143, "fields": {"action_time": "2022-12-01T23:32:58.948Z", "user": 1, "content_type": 11, "object_id": "42", "object_repr": "Black", "action_flag": 1, "change_message": "[{\"added\": {}}]"}}, {"model": "admin.logentry", "pk": 144, "fields": {"action_time": "2022-12-01T23:33:04.407Z", "user": 1, "content_type": 11, "object_id": "43", "object_repr": "Small", "action_flag": 1, "change_message": "[{\"added\": {}}]"}}, {"model": "admin.logentry", "pk": 145, "fields": {"action_time": "2022-12-01T23:33:16.367Z", "user": 1, "content_type": 11, "object_id": "44", "object_repr": "Medium", "action_flag": 1, "change_message": "[{\"added\": {}}]"}}, {"model": "admin.logentry", "pk": 146, "fields": {"action_time": "2022-12-01T23:33:31.845Z", "user": 1, "content_type": 11, "object_id": "45", "object_repr": "Large", "action_flag": 1, "change_message": "[{\"added\": {}}]"}}, {"model": "admin.logentry", "pk": 147, "fields": {"action_time": "2022-12-01T23:33:54.300Z", "user": 1, "content_type": 11, "object_id": "46", "object_repr": "Blue", "action_flag": 1, "change_message": "[{\"added\": {}}]"}}, {"model": "admin.logentry", "pk": 148, "fields": {"action_time": "2022-12-01T23:34:04.691Z", "user": 1, "content_type": 11, "object_id": "47", "object_repr": "Black", "action_flag": 1, "change_message": "[{\"added\": {}}]"}}, {"model": "admin.logentry", "pk": 149, "fields": {"action_time": "2022-12-01T23:34:11.293Z", "user": 1, "content_type": 11, "object_id": "48", "object_repr": "Small", "action_flag": 1, "change_message": "[{\"added\": {}}]"}}, {"model": "admin.logentry", "pk": 150, "fields": {"action_time": "2022-12-01T23:34:25.307Z", "user": 1, "content_type": 11, "object_id": "49", "object_repr": "Medium", "action_flag": 1, "change_message": "[{\"added\": {}}]"}}, {"model": "admin.logentry", "pk": 151, "fields": {"action_time": "2022-12-01T23:34:31.550Z", "user": 1, "content_type": 11, "object_id": "50", "object_repr": "Large", "action_flag": 1, "change_message": "[{\"added\": {}}]"}}, {"model": "auth.permission", "pk": 1, "fields": {"name": "Can add log entry", "content_type": 1, "codename": "add_logentry"}}, {"model": "auth.permission", "pk": 2, "fields": {"name": "Can change log entry", "content_type": 1, "codename": "change_logentry"}}, {"model": "auth.permission", "pk": 3, "fields": {"name": "Can delete log entry", "content_type": 1, "codename": "delete_logentry"}}, {"model": "auth.permission", "pk": 4, "fields": {"name": "Can view log entry", "content_type": 1, "codename": "view_logentry"}}, {"model": "auth.permission", "pk": 5, "fields": {"name": "Can add permission", "content_type": 2, "codename": "add_permission"}}, {"model": "auth.permission", "pk": 6, "fields": {"name": "Can change permission", "content_type": 2, "codename": "change_permission"}}, {"model": "auth.permission", "pk": 7, "fields": {"name": "Can delete permission", "content_type": 2, "codename": "delete_permission"}}, {"model": "auth.permission", "pk": 8, "fields": {"name": "Can view permission", "content_type": 2, "codename": "view_permission"}}, {"model": "auth.permission", "pk": 9, "fields": {"name": "Can add group", "content_type": 3, "codename": "add_group"}}, {"model": "auth.permission", "pk": 10, "fields": {"name": "Can change group", "content_type": 3, "codename": "change_group"}}, {"model": "auth.permission", "pk": 11, "fields": {"name": "Can delete group", "content_type": 3, "codename": "delete_group"}}, {"model": "auth.permission", "pk": 12, "fields": {"name": "Can view group", "content_type": 3, "codename": "view_group"}}, {"model": "auth.permission", "pk": 13, "fields": {"name": "Can add content type", "content_type": 4, "codename": "add_contenttype"}}, {"model": "auth.permission", "pk": 14, "fields": {"name": "Can change content type", "content_type": 4, "codename": "change_contenttype"}}, {"model": "auth.permission", "pk": 15, "fields": {"name": "Can delete content type", "content_type": 4, "codename": "delete_contenttype"}}, {"model": "auth.permission", "pk": 16, "fields": {"name": "Can view content type", "content_type": 4, "codename": "view_contenttype"}}, {"model": "auth.permission", "pk": 17, "fields": {"name": "Can add session", "content_type": 5, "codename": "add_session"}}, {"model": "auth.permission", "pk": 18, "fields": {"name": "Can change session", "content_type": 5, "codename": "change_session"}}, {"model": "auth.permission", "pk": 19, "fields": {"name": "Can delete session", "content_type": 5, "codename": "delete_session"}}, {"model": "auth.permission", "pk": 20, "fields": {"name": "Can view session", "content_type": 5, "codename": "view_session"}}, {"model": "auth.permission", "pk": 21, "fields": {"name": "Can add category", "content_type": 6, "codename": "add_category"}}, {"model": "auth.permission", "pk": 22, "fields": {"name": "Can change category", "content_type": 6, "codename": "change_category"}}, {"model": "auth.permission", "pk": 23, "fields": {"name": "Can delete category", "content_type": 6, "codename": "delete_category"}}, {"model": "auth.permission", "pk": 24, "fields": {"name": "Can view category", "content_type": 6, "codename": "view_category"}}, {"model": "auth.permission", "pk": 25, "fields": {"name": "Can add account", "content_type": 7, "codename": "add_account"}}, {"model": "auth.permission", "pk": 26, "fields": {"name": "Can change account", "content_type": 7, "codename": "change_account"}}, {"model": "auth.permission", "pk": 27, "fields": {"name": "Can delete account", "content_type": 7, "codename": "delete_account"}}, {"model": "auth.permission", "pk": 28, "fields": {"name": "Can view account", "content_type": 7, "codename": "view_account"}}, {"model": "auth.permission", "pk": 29, "fields": {"name": "Can add product", "content_type": 8, "codename": "add_product"}}, {"model": "auth.permission", "pk": 30, "fields": {"name": "Can change product", "content_type": 8, "codename": "change_product"}}, {"model": "auth.permission", "pk": 31, "fields": {"name": "Can delete product", "content_type": 8, "codename": "delete_product"}}, {"model": "auth.permission", "pk": 32, "fields": {"name": "Can view product", "content_type": 8, "codename": "view_product"}}, {"model": "auth.permission", "pk": 33, "fields": {"name": "Can add cart", "content_type": 9, "codename": "add_cart"}}, {"model": "auth.permission", "pk": 34, "fields": {"name": "Can change cart", "content_type": 9, "codename": "change_cart"}}, {"model": "auth.permission", "pk": 35, "fields": {"name": "Can delete cart", "content_type": 9, "codename": "delete_cart"}}, {"model": "auth.permission", "pk": 36, "fields": {"name": "Can view cart", "content_type": 9, "codename": "view_cart"}}, {"model": "auth.permission", "pk": 37, "fields": {"name": "Can add cart item", "content_type": 10, "codename": "add_cartitem"}}, {"model": "auth.permission", "pk": 38, "fields": {"name": "Can change cart item", "content_type": 10, "codename": "change_cartitem"}}, {"model": "auth.permission", "pk": 39, "fields": {"name": "Can delete cart item", "content_type": 10, "codename": "delete_cartitem"}}, {"model": "auth.permission", "pk": 40, "fields": {"name": "Can view cart item", "content_type": 10, "codename": "view_cartitem"}}, {"model": "auth.permission", "pk": 41, "fields": {"name": "Can add variation", "content_type": 11, "codename": "add_variation"}}, {"model": "auth.permission", "pk": 42, "fields": {"name": "Can change variation", "content_type": 11, "codename": "change_variation"}}, {"model": "auth.permission", "pk": 43, "fields": {"name": "Can delete variation", "content_type": 11, "codename": "delete_variation"}}, {"model": "auth.permission", "pk": 44, "fields": {"name": "Can view variation", "content_type": 11, "codename": "view_variation"}}, {"model": "auth.permission", "pk": 45, "fields": {"name": "Can add payment", "content_type": 12, "codename": "add_payment"}}, {"model": "auth.permission", "pk": 46, "fields": {"name": "Can change payment", "content_type": 12, "codename": "change_payment"}}, {"model": "auth.permission", "pk": 47, "fields": {"name": "Can delete payment", "content_type": 12, "codename": "delete_payment"}}, {"model": "auth.permission", "pk": 48, "fields": {"name": "Can view payment", "content_type": 12, "codename": "view_payment"}}, {"model": "auth.permission", "pk": 49, "fields": {"name": "Can add order", "content_type": 13, "codename": "add_order"}}, {"model": "auth.permission", "pk": 50, "fields": {"name": "Can change order", "content_type": 13, "codename": "change_order"}}, {"model": "auth.permission", "pk": 51, "fields": {"name": "Can delete order", "content_type": 13, "codename": "delete_order"}}, {"model": "auth.permission", "pk": 52, "fields": {"name": "Can view order", "content_type": 13, "codename": "view_order"}}, {"model": "auth.permission", "pk": 53, "fields": {"name": "Can add order product", "content_type": 14, "codename": "add_orderproduct"}}, {"model": "auth.permission", "pk": 54, "fields": {"name": "Can change order product", "content_type": 14, "codename": "change_orderproduct"}}, {"model": "auth.permission", "pk": 55, "fields": {"name": "Can delete order product", "content_type": 14, "codename": "delete_orderproduct"}}, {"model": "auth.permission", "pk": 56, "fields": {"name": "Can view order product", "content_type": 14, "codename": "view_orderproduct"}}, {"model": "auth.permission", "pk": 57, "fields": {"name": "Can add review rating", "content_type": 15, "codename": "add_reviewrating"}}, {"model": "auth.permission", "pk": 58, "fields": {"name": "Can change review rating", "content_type": 15, "codename": "change_reviewrating"}}, {"model": "auth.permission", "pk": 59, "fields": {"name": "Can delete review rating", "content_type": 15, "codename": "delete_reviewrating"}}, {"model": "auth.permission", "pk": 60, "fields": {"name": "Can view review rating", "content_type": 15, "codename": "view_reviewrating"}}, {"model": "auth.permission", "pk": 61, "fields": {"name": "Can add user profile", "content_type": 16, "codename": "add_userprofile"}}, {"model": "auth.permission", "pk": 62, "fields": {"name": "Can change user profile", "content_type": 16, "codename": "change_userprofile"}}, {"model": "auth.permission", "pk": 63, "fields": {"name": "Can delete user profile", "content_type": 16, "codename": "delete_userprofile"}}, {"model": "auth.permission", "pk": 64, "fields": {"name": "Can view user profile", "content_type": 16, "codename": "view_userprofile"}}, {"model": "auth.permission", "pk": 65, "fields": {"name": "Can add product gallery", "content_type": 17, "codename": "add_productgallery"}}, {"model": "auth.permission", "pk": 66, "fields": {"name": "Can change product gallery", "content_type": 17, "codename": "change_productgallery"}}, {"model": "auth.permission", "pk": 67, "fields": {"name": "Can delete product gallery", "content_type": 17, "codename": "delete_productgallery"}}, {"model": "auth.permission", "pk": 68, "fields": {"name": "Can view product gallery", "content_type": 17, "codename": "view_productgallery"}}, {"model": "auth.permission", "pk": 69, "fields": {"name": "Can add login attempt", "content_type": 18, "codename": "add_loginattempt"}}, {"model": "auth.permission", "pk": 70, "fields": {"name": "Can change login attempt", "content_type": 18, "codename": "change_loginattempt"}}, {"model": "auth.permission", "pk": 71, "fields": {"name": "Can delete login attempt", "content_type": 18, "codename": "delete_loginattempt"}}, {"model": "auth.permission", "pk": 72, "fields": {"name": "Can view login attempt", "content_type": 18, "codename": "view_loginattempt"}}, {"model": "contenttypes.contenttype", "pk": 1, "fields": {"app_label": "admin", "model": "logentry"}}, {"model": "contenttypes.contenttype", "pk": 2, "fields": {"app_label": "auth", "model": "permission"}}, {"model": "contenttypes.contenttype", "pk": 3, "fields": {"app_label": "auth", "model": "group"}}, {"model": "contenttypes.contenttype", "pk": 4, "fields": {"app_label": "contenttypes", "model": "contenttype"}}, {"model": "contenttypes.contenttype", "pk": 5, "fields": {"app_label": "sessions", "model": "session"}}, {"model": "contenttypes.contenttype", "pk": 6, "fields": {"app_label": "category", "model": "category"}}, {"model": "contenttypes.contenttype", "pk": 7, "fields": {"app_label": "accounts", "model": "account"}}, {"model": "contenttypes.contenttype", "pk": 8, "fields": {"app_label": "store", "model": "product"}}, {"model": "contenttypes.contenttype", "pk": 9, "fields": {"app_label": "carts", "model": "cart"}}, {"model": "contenttypes.contenttype", "pk": 10, "fields": {"app_label": "carts", "model": "cartitem"}}, {"model": "contenttypes.contenttype", "pk": 11, "fields": {"app_label": "store", "model": "variation"}}, {"model": "contenttypes.contenttype", "pk": 12, "fields": {"app_label": "orders", "model": "payment"}}, {"model": "contenttypes.contenttype", "pk": 13, "fields": {"app_label": "orders", "model": "order"}}, {"model": "contenttypes.contenttype", "pk": 14, "fields": {"app_label": "orders", "model": "orderproduct"}}, {"model": "contenttypes.contenttype", "pk": 15, "fields": {"app_label": "store", "model": "reviewrating"}}, {"model": "contenttypes.contenttype", "pk": 16, "fields": {"app_label": "accounts", "model": "userprofile"}}, {"model": "contenttypes.contenttype", "pk": 17, "fields": {"app_label": "store", "model": "productgallery"}}, {"model": "contenttypes.contenttype", "pk": 18, "fields": {"app_label": "admin_honeypot", "model": "loginattempt"}}, {"model": "sessions.session", "pk": "3630guqj2gbxzmmvag1bun2dmkz0qxmv", "fields": {"session_data": ".eJxVjDkOwyAUBe9CHSHgGzAu0-cMiOUTkwUig6sod48tuUjaN_PmTaxb-2zXhovNkUyEk9Pv5l24Y9lBvLlyrTTU0pfs6a7QgzZ6qREf58P9C8yuzdtbOMU8N1J6FGGIAQBRMQOapTGNOiDI5AAZaCeNFnxgI4QktBI8CBPHPdqwtVyLzSV32_MTW3fPlyUTV8psKaWBisEIruXnCz7bRaw:1p0t4b:mQi9PXKI4hJzC1TyKgql4gX58jwxBhDZ9wCTk-z4fQI", "expire_date": "2022-12-15T23:34:33.265Z"}}, {"model": "sessions.session", "pk": "5exqm0d9sxow37ktncac2k29tezyq969", "fields": {"session_data": ".eJxVjDsOwjAQBe_iGlm2N_5R0nMGa71e4wBypHwqxN0hUgpo38y8l0i4rS1tC89pLOIstDj9bhnpwX0H5Y79Nkma-jqPWe6KPOgir1Ph5-Vw_w4aLu1bG3Qq62htZkNDIQBmpyJ4VUMNnhhsRWAFHm30Rg8qAFXjndFkYgni_QHZVjdF:1oz0ES:KXhL7QfwzLglPQb8VzJlyBtHlUuXKamCsOjJ7u4qjwE", "expire_date": "2022-12-10T18:48:56.567Z"}}, {"model": "sessions.session", "pk": "inqytm7qntsev7m2vux91zge1xxi1lcn", "fields": {"session_data": ".eJxVjDsOwjAQBe_iGlm2N_5R0nMGa71e4wBypHwqxN0hUgpo38y8l0i4rS1tC89pLOIstDj9bhnpwX0H5Y79Nkma-jqPWe6KPOgir1Ph5-Vw_w4aLu1bG3Qq62htZkNDIQBmpyJ4VUMNnhhsRWAFHm30Rg8qAFXjndFkYgni_QHZVjdF:1oyjAs:IAHwsdop8wo_1SEfhQP7LOLxn24-bUnC9_HhTQBLxDI", "expire_date": "2022-12-10T00:36:06.034Z"}}, {"model": "sessions.session", "pk": "ykjzxp0mu13ko8nk3428t2fvzwn65grl", "fields": {"session_data": ".eJxVjMsOwiAQRf-FtSFlKI926d5vIDAMFrXUFLoy_rs26UK395x7Xsz5rU1uq7S6HNnIpGCn3zF4vFPZSbz5cl04LqWtOfBd4Qet_LJEepwP9y8w-Tp938nEaDyRNNgLoNAlgRCVkh4DECZIMlqyqVOiB0wBhhC08En1SSmNtEcr1ZqX4nLJzbU8U21-fjo2Cq2HQRptgYNVxmp4fwAMRUfp:1p0t4k:qFd5ENt_YV_WsK3dlmi9xOXz3tvpkLUzwxsf35s3r2w", "expire_date": "2022-12-15T23:34:42.379Z"}}, {"model": "category.category", "pk": 1, "fields": {"category_name": "Shirts", "slug": "shirts", "description": "This is the best shirt you are going to find!", "cat_image": "photos/categories/shirts.jpg"}}, {"model": "category.category", "pk": 2, "fields": {"category_name": "T shirts", "slug": "t-shirts", "description": "This is the one and only t-shirt", "cat_image": "photos/categories/tshirts.jpg"}}, {"model": "category.category", "pk": 3, "fields": {"category_name": "Shoes", "slug": "shoes", "description": "This is the hottest shoe in the market right now.", "cat_image": "photos/categories/shoes.png"}}, {"model": "category.category", "pk": 4, "fields": {"category_name": "Jeans", "slug": "jeans", "description": "This is the jeans.", "cat_image": "photos/categories/jeans.jpg"}}, {"model": "category.category", "pk": 5, "fields": {"category_name": "Jacket", "slug": "jacket", "description": "The warmest jacket ever.", "cat_image": "photos/categories/jackets.jpg"}}, {"model": "accounts.account", "pk": 1, "fields": {"password": "pbkdf2_sha256$216000$XuTIQbnH9iJh$F+OZs+cv/evpMYY+Iv6mm+EYACH/ouJaPkZwc8KsOcU=", "first_name": "Aayush", "last_name": "Soni", "username": "aayush13", "email": "aayushsoni3416@gmail.com", "phone_number": "", "date_joined": "2022-11-10T23:49:57.848Z", "last_login": "2022-11-27T17:47:14.986Z", "is_admin": true, "is_staff": true, "is_active": true, "is_superadmin": true}}, {"model": "accounts.account", "pk": 2, "fields": {"password": "pbkdf2_sha256$216000$ZuKfvLINAxPy$JdDnTmrQB19H3F6DKyvrTrEuXP3tCTaFeSnnRYq1gr8=", "first_name": "John", "last_name": "Doe", "username": "john.doe", "email": "john.doe@gmail.com", "phone_number": "1234567890", "date_joined": "2022-11-19T19:15:23.093Z", "last_login": "2022-11-19T19:15:23.125Z", "is_admin": false, "is_staff": false, "is_active": true, "is_superadmin": false}}, {"model": "accounts.account", "pk": 3, "fields": {"password": "pbkdf2_sha256$216000$e4xibezaz0cQ$a5jn5PTx/e0BSBkd/l4XlducapXLHTSpQcq5lNPxF9o=", "first_name": "Mark", "last_name": "Cuban", "username": "mark.cuban", "email": "mark.cuban@gmail.com", "phone_number": "562454242", "date_joined": "2022-11-19T19:37:07.548Z", "last_login": "2022-11-19T19:37:07.574Z", "is_admin": false, "is_staff": false, "is_active": true, "is_superadmin": false}}, {"model": "accounts.account", "pk": 4, "fields": {"password": "pbkdf2_sha256$216000$InymixUkdqya$TQV42sOIfdJhQYajXu4ABiANgfTAlEky8phfo6hUCRk=", "first_name": "Mark", "last_name": "Cuban", "username": "mark.cuban12", "email": "mark.cuban12@gmail.com", "phone_number": "562454242", "date_joined": "2022-11-19T19:54:58.427Z", "last_login": "2022-11-19T19:54:58.452Z", "is_admin": false, "is_staff": false, "is_active": true, "is_superadmin": false}}, {"model": "accounts.account", "pk": 5, "fields": {"password": "pbkdf2_sha256$216000$vJdELedjBOrM$vQLvAcznUXnYM5qaQEqBBO0CSTsPIewxjfz68YErgNE=", "first_name": "Soni", "last_name": "Soni", "username": "soni", "email": "soni@gmail.com", "phone_number": "123242342", "date_joined": "2022-11-19T19:58:33.326Z", "last_login": "2022-11-19T19:58:33.352Z", "is_admin": false, "is_staff": false, "is_active": true, "is_superadmin": false}}, {"model": "accounts.account", "pk": 6, "fields": {"password": "pbkdf2_sha256$216000$TyZ30ndrzUQr$Qt45KPkfjI11tLa1nEPAc0N9Wzrss9nfJwFbKaPEPK0=", "first_name": "dczxcas", "last_name": "zxczxc", "username": "zxczxc", "email": "zxczxc@gmail.com", "phone_number": "2323452345", "date_joined": "2022-11-19T23:25:45.314Z", "last_login": "2022-11-19T23:25:45.342Z", "is_admin": false, "is_staff": false, "is_active": false, "is_superadmin": false}}, {"model": "accounts.account", "pk": 31, "fields": {"password": "pbkdf2_sha256$216000$84pWJQurLdPB$oS+uN/218tJotTEcmJ25KJbzIpZziYYcnvTTOjZvVyI=", "first_name": "Aayush", "last_name": "Soni", "username": "aayushleafs", "email": "aayushleafs@gmail.com", "phone_number": "6475614148", "date_joined": "2022-11-26T03:29:34.997Z", "last_login": "2022-12-01T03:25:09.034Z", "is_admin": false, "is_staff": false, "is_active": true, "is_superadmin": false}}, {"model": "accounts.account", "pk": 33, "fields": {"password": "pbkdf2_sha256$216000$97FB3m4wqpRA$WBPRO/pzFWacWHiOtqYFt3XqxDk8ZiEFDVB2xBENleE=", "first_name": "Store", "last_name": "Front", "username": "storefront3416", "email": "storefront3416@gmail.com", "phone_number": "4675614148", "date_joined": "2022-12-01T03:07:46.531Z", "last_login": "2022-12-01T03:21:13.295Z", "is_admin": false, "is_staff": false, "is_active": true, "is_superadmin": false}}, {"model": "accounts.account", "pk": 34, "fields": {"password": "pbkdf2_sha256$320000$9FMcWElUyilWsrJgrRJizh$sKBykaSTLCz5pY+mYUJkwNmp2sFJGT43NHiOT6aZ8sI=", "first_name": "Aayush\t", "last_name": "Soni", "username": "aayush0113", "email": "aayushsoni0113@gmail.com", "phone_number": "", "date_joined": "2022-12-03T05:23:22.937Z", "last_login": "2022-12-03T05:23:22.953Z", "is_admin": true, "is_staff": true, "is_active": true, "is_superadmin": true}}, {"model": "accounts.userprofile", "pk": 1, "fields": {"user": 31, "address_line_1": "Brampton 21212", "address_line_2": "", "city": "Canada", "state": "Ontario", "country": "Canada", "profile_picture": "userprofile/me.16a4a786ab590a580d1d_vNCGWR4.png"}}, {"model": "accounts.userprofile", "pk": 3, "fields": {"user": 33, "address_line_1": "", "address_line_2": "", "city": "", "state": "", "country": "", "profile_picture": "default/default_user.jpg"}}, {"model": "store.product", "pk": 1, "fields": {"product_name": "ATX Jeans", "slug": "atx-jeans", "description": "Best Jeans ever!", "price": 199, "images": "photos/products/ATX-Jeans.jpg", "stock": 82, "is_available": true, "category": 4, "created_date": "2022-11-12T17:15:43.360Z", "modified_date": "2022-12-01T03:27:12.981Z"}}, {"model": "store.product", "pk": 2, "fields": {"product_name": "RXN Blue Shirt", "slug": "rxn-blue-shirt", "description": "The blue shirt that is going to make you look so good!", "price": 99, "images": "photos/products/Blue-Shirt.jpg", "stock": 200, "is_available": true, "category": 1, "created_date": "2022-11-12T17:16:30.944Z", "modified_date": "2022-11-12T17:18:46.708Z"}}, {"model": "store.product", "pk": 3, "fields": {"product_name": "Great Tshirt", "slug": "great-tshirt", "description": "The one and only great shirt!", "price": 119, "images": "photos/products/Great-Tshirt.jpg", "stock": 0, "is_available": true, "category": 2, "created_date": "2022-11-12T17:17:08.274Z", "modified_date": "2022-11-13T18:36:47.207Z"}}, {"model": "store.product", "pk": 4, "fields": {"product_name": "MJ Basketball Shoes", "slug": "mj-basketball-shoes", "description": "Jordan shoes that Michael wore in his last game in the NBA", "price": 999, "images": "photos/products/jordan-true-flight-basketball-shoes.jpg", "stock": 500, "is_available": true, "category": 3, "created_date": "2022-11-12T17:18:19.965Z", "modified_date": "2022-11-12T17:19:02.800Z"}}, {"model": "store.product", "pk": 5, "fields": {"product_name": "Mavi Jeans", "slug": "mavi-jeans", "description": "The most stylish jeans in the market!", "price": 499, "images": "photos/products/Mavi_jeans.jpg", "stock": 1000, "is_available": true, "category": 4, "created_date": "2022-11-12T17:19:42.605Z", "modified_date": "2022-11-12T17:19:42.605Z"}}, {"model": "store.product", "pk": 6, "fields": {"product_name": "Puma Ferrari Shoes", "slug": "puma-ferrari-shoes", "description": "Ferrari shoes!!!!!", "price": 1099, "images": "photos/products/Puma-Ferrari-Shoes.jpg", "stock": 500, "is_available": true, "category": 3, "created_date": "2022-11-12T17:20:14.034Z", "modified_date": "2022-11-12T17:20:14.034Z"}}, {"model": "store.product", "pk": 7, "fields": {"product_name": "US Polo Assn Jacket", "slug": "us-polo-assn-jacket", "description": "This jacket will make you look very handsome!", "price": 899, "images": "photos/products/US-Polo-Assn_Jacket.jpg", "stock": 300, "is_available": true, "category": 5, "created_date": "2022-11-12T17:21:07.717Z", "modified_date": "2022-11-12T17:21:07.717Z"}}, {"model": "store.product", "pk": 8, "fields": {"product_name": "Wrangler Shirt", "slug": "wrangler-shirt", "description": "The most popular shirt right now!", "price": 699, "images": "photos/products/Wrangler-Shirt.jpg", "stock": 2000, "is_available": true, "category": 1, "created_date": "2022-11-12T17:22:13.059Z", "modified_date": "2022-11-12T17:22:13.059Z"}}, {"model": "store.variation", "pk": 1, "fields": {"product": 1, "variation_category": "color", "variation_value": "White", "is_active": true, "created_date": "2022-11-15T02:41:09.153Z"}}, {"model": "store.variation", "pk": 2, "fields": {"product": 1, "variation_category": "color", "variation_value": "Blue", "is_active": true, "created_date": "2022-11-15T02:41:17.982Z"}}, {"model": "store.variation", "pk": 3, "fields": {"product": 1, "variation_category": "color", "variation_value": "Green", "is_active": true, "created_date": "2022-11-15T02:41:24.091Z"}}, {"model": "store.variation", "pk": 4, "fields": {"product": 1, "variation_category": "size", "variation_value": "Small", "is_active": true, "created_date": "2022-11-15T02:54:44.508Z"}}, {"model": "store.variation", "pk": 5, "fields": {"product": 1, "variation_category": "size", "variation_value": "Medium", "is_active": true, "created_date": "2022-11-15T02:54:52.235Z"}}, {"model": "store.variation", "pk": 6, "fields": {"product": 1, "variation_category": "size", "variation_value": "Large", "is_active": true, "created_date": "2022-11-15T02:55:00.221Z"}}, {"model": "store.variation", "pk": 7, "fields": {"product": 2, "variation_category": "color", "variation_value": "Blue", "is_active": true, "created_date": "2022-12-01T23:15:51.724Z"}}, {"model": "store.variation", "pk": 8, "fields": {"product": 2, "variation_category": "size", "variation_value": "Small", "is_active": true, "created_date": "2022-12-01T23:16:06.878Z"}}, {"model": "store.variation", "pk": 9, "fields": {"product": 2, "variation_category": "size", "variation_value": "Medium", "is_active": true, "created_date": "2022-12-01T23:16:16.129Z"}}, {"model": "store.variation", "pk": 10, "fields": {"product": 2, "variation_category": "size", "variation_value": "Large", "is_active": true, "created_date": "2022-12-01T23:19:31.047Z"}}, {"model": "store.variation", "pk": 11, "fields": {"product": 4, "variation_category": "color", "variation_value": "Black", "is_active": true, "created_date": "2022-12-01T23:20:05.266Z"}}, {"model": "store.variation", "pk": 12, "fields": {"product": 4, "variation_category": "size", "variation_value": "1", "is_active": true, "created_date": "2022-12-01T23:20:18.608Z"}}, {"model": "store.variation", "pk": 13, "fields": {"product": 4, "variation_category": "size", "variation_value": "2", "is_active": true, "created_date": "2022-12-01T23:20:26.151Z"}}, {"model": "store.variation", "pk": 14, "fields": {"product": 4, "variation_category": "size", "variation_value": "3", "is_active": true, "created_date": "2022-12-01T23:20:39.077Z"}}, {"model": "store.variation", "pk": 15, "fields": {"product": 4, "variation_category": "size", "variation_value": "4", "is_active": true, "created_date": "2022-12-01T23:20:47.231Z"}}, {"model": "store.variation", "pk": 16, "fields": {"product": 4, "variation_category": "size", "variation_value": "5", "is_active": true, "created_date": "2022-12-01T23:20:53.116Z"}}, {"model": "store.variation", "pk": 17, "fields": {"product": 4, "variation_category": "size", "variation_value": "6", "is_active": true, "created_date": "2022-12-01T23:20:58.507Z"}}, {"model": "store.variation", "pk": 18, "fields": {"product": 4, "variation_category": "size", "variation_value": "7", "is_active": true, "created_date": "2022-12-01T23:21:04.563Z"}}, {"model": "store.variation", "pk": 19, "fields": {"product": 4, "variation_category": "size", "variation_value": "8", "is_active": true, "created_date": "2022-12-01T23:21:11.891Z"}}, {"model": "store.variation", "pk": 20, "fields": {"product": 4, "variation_category": "size", "variation_value": "9", "is_active": true, "created_date": "2022-12-01T23:21:21.888Z"}}, {"model": "store.variation", "pk": 25, "fields": {"product": 5, "variation_category": "color", "variation_value": "Blue", "is_active": true, "created_date": "2022-12-01T23:28:59.491Z"}}, {"model": "store.variation", "pk": 26, "fields": {"product": 5, "variation_category": "color", "variation_value": "Black", "is_active": true, "created_date": "2022-12-01T23:29:09.752Z"}}, {"model": "store.variation", "pk": 27, "fields": {"product": 5, "variation_category": "color", "variation_value": "Grey", "is_active": true, "created_date": "2022-12-01T23:29:29.478Z"}}, {"model": "store.variation", "pk": 28, "fields": {"product": 5, "variation_category": "size", "variation_value": "Small", "is_active": true, "created_date": "2022-12-01T23:29:38.776Z"}}, {"model": "store.variation", "pk": 29, "fields": {"product": 5, "variation_category": "size", "variation_value": "Medium", "is_active": true, "created_date": "2022-12-01T23:29:54.142Z"}}, {"model": "store.variation", "pk": 30, "fields": {"product": 5, "variation_category": "size", "variation_value": "Large", "is_active": true, "created_date": "2022-12-01T23:30:03.629Z"}}, {"model": "store.variation", "pk": 31, "fields": {"product": 6, "variation_category": "color", "variation_value": "Black", "is_active": true, "created_date": "2022-12-01T23:30:32.039Z"}}, {"model": "store.variation", "pk": 32, "fields": {"product": 6, "variation_category": "size", "variation_value": "1", "is_active": true, "created_date": "2022-12-01T23:30:42.529Z"}}, {"model": "store.variation", "pk": 33, "fields": {"product": 6, "variation_category": "size", "variation_value": "2", "is_active": true, "created_date": "2022-12-01T23:30:48.756Z"}}, {"model": "store.variation", "pk": 34, "fields": {"product": 6, "variation_category": "size", "variation_value": "3", "is_active": true, "created_date": "2022-12-01T23:30:57.185Z"}}, {"model": "store.variation", "pk": 35, "fields": {"product": 6, "variation_category": "size", "variation_value": "4", "is_active": true, "created_date": "2022-12-01T23:31:04.159Z"}}, {"model": "store.variation", "pk": 36, "fields": {"product": 6, "variation_category": "size", "variation_value": "5", "is_active": true, "created_date": "2022-12-01T23:31:11.572Z"}}, {"model": "store.variation", "pk": 37, "fields": {"product": 6, "variation_category": "size", "variation_value": "6", "is_active": true, "created_date": "2022-12-01T23:31:17.603Z"}}, {"model": "store.variation", "pk": 38, "fields": {"product": 6, "variation_category": "size", "variation_value": "7", "is_active": true, "created_date": "2022-12-01T23:31:25.813Z"}}, {"model": "store.variation", "pk": 39, "fields": {"product": 6, "variation_category": "size", "variation_value": "8", "is_active": true, "created_date": "2022-12-01T23:31:33.773Z"}}, {"model": "store.variation", "pk": 40, "fields": {"product": 6, "variation_category": "size", "variation_value": "9", "is_active": true, "created_date": "2022-12-01T23:31:42.023Z"}}, {"model": "store.variation", "pk": 41, "fields": {"product": 7, "variation_category": "color", "variation_value": "Brown", "is_active": true, "created_date": "2022-12-01T23:32:50.381Z"}}, {"model": "store.variation", "pk": 42, "fields": {"product": 7, "variation_category": "color", "variation_value": "Black", "is_active": true, "created_date": "2022-12-01T23:32:58.945Z"}}, {"model": "store.variation", "pk": 43, "fields": {"product": 7, "variation_category": "size", "variation_value": "Small", "is_active": true, "created_date": "2022-12-01T23:33:04.404Z"}}, {"model": "store.variation", "pk": 44, "fields": {"product": 7, "variation_category": "size", "variation_value": "Medium", "is_active": true, "created_date": "2022-12-01T23:33:16.364Z"}}, {"model": "store.variation", "pk": 45, "fields": {"product": 7, "variation_category": "size", "variation_value": "Large", "is_active": true, "created_date": "2022-12-01T23:33:31.836Z"}}, {"model": "store.variation", "pk": 46, "fields": {"product": 8, "variation_category": "color", "variation_value": "Blue", "is_active": true, "created_date": "2022-12-01T23:33:54.297Z"}}, {"model": "store.variation", "pk": 47, "fields": {"product": 8, "variation_category": "color", "variation_value": "Black", "is_active": true, "created_date": "2022-12-01T23:34:04.682Z"}}, {"model": "store.variation", "pk": 48, "fields": {"product": 8, "variation_category": "size", "variation_value": "Small", "is_active": true, "created_date": "2022-12-01T23:34:11.291Z"}}, {"model": "store.variation", "pk": 49, "fields": {"product": 8, "variation_category": "size", "variation_value": "Medium", "is_active": true, "created_date": "2022-12-01T23:34:25.303Z"}}, {"model": "store.variation", "pk": 50, "fields": {"product": 8, "variation_category": "size", "variation_value": "Large", "is_active": true, "created_date": "2022-12-01T23:34:31.547Z"}}, {"model": "store.reviewrating", "pk": 1, "fields": {"product": 1, "user": 31, "subject": "Amazing!", "review": "This was an amazing pant and fit really well.", "rating": 5.0, "ip": "127.0.0.1", "status": true, "created_at": "2022-11-29T22:41:30.189Z", "updated_at": "2022-11-30T01:50:16.155Z"}}, {"model": "store.reviewrating", "pk": 2, "fields": {"product": 1, "user": 2, "subject": "Test email", "review": "wwqweqwe", "rating": 5.0, "ip": "127.0.01", "status": true, "created_at": "2022-11-30T02:30:21.944Z", "updated_at": "2022-11-30T02:39:40.369Z"}}, {"model": "carts.cart", "pk": 13, "fields": {"cart_id": "dx1suy2svwuq04llcq79bcz5sumf0rlz", "date_added": "2022-11-26T19:37:11.553Z"}}, {"model": "carts.cartitem", "pk": 74, "fields": {"user": 1, "product": 1, "cart": null, "quantity": 1, "is_active": true, "variations": [2, 6]}}, {"model": "carts.cartitem", "pk": 84, "fields": {"user": 31, "product": 1, "cart": null, "quantity": 2, "is_active": true, "variations": [2, 6]}}, {"model": "carts.cartitem", "pk": 86, "fields": {"user": 31, "product": 8, "cart": null, "quantity": 1, "is_active": true, "variations": [46, 50]}}, {"model": "orders.payment", "pk": 1, "fields": {"user": 1, "payment_id": "8RF51546AL233010S", "payment_method": "PayPal", "amount_paid": "202.98", "status": "COMPLETED", "created_at": "2022-11-27T03:59:53.089Z"}}, {"model": "orders.payment", "pk": 2, "fields": {"user": 31, "payment_id": "7EG95490FG096094J", "payment_method": "PayPal", "amount_paid": "405.96", "status": "COMPLETED", "created_at": "2022-11-27T17:55:02.264Z"}}, {"model": "orders.payment", "pk": 3, "fields": {"user": 31, "payment_id": "7BW30771AV430422W", "payment_method": "PayPal", "amount_paid": "405.96", "status": "COMPLETED", "created_at": "2022-11-27T18:01:05.613Z"}}, {"model": "orders.payment", "pk": 4, "fields": {"user": 31, "payment_id": "8FB00264T8996431Y", "payment_method": "PayPal", "amount_paid": "405.96", "status": "COMPLETED", "created_at": "2022-11-27T18:07:59.582Z"}}, {"model": "orders.payment", "pk": 5, "fields": {"user": 31, "payment_id": "9JL94600XT6211228", "payment_method": "PayPal", "amount_paid": "811.92", "status": "COMPLETED", "created_at": "2022-11-27T18:25:56.706Z"}}, {"model": "orders.payment", "pk": 6, "fields": {"user": 31, "payment_id": "43334670CD516780R", "payment_method": "PayPal", "amount_paid": "405.96", "status": "COMPLETED", "created_at": "2022-11-27T18:46:18.737Z"}}, {"model": "orders.payment", "pk": 7, "fields": {"user": 31, "payment_id": "73V086320W069512R", "payment_method": "PayPal", "amount_paid": "202.98", "status": "COMPLETED", "created_at": "2022-11-27T19:02:30.849Z"}}, {"model": "orders.payment", "pk": 8, "fields": {"user": 31, "payment_id": "7WN09927AS0503211", "payment_method": "PayPal", "amount_paid": "608.94", "status": "COMPLETED", "created_at": "2022-11-27T19:10:47.716Z"}}, {"model": "orders.payment", "pk": 9, "fields": {"user": 31, "payment_id": "2LM338167G380483T", "payment_method": "PayPal", "amount_paid": "202.98", "status": "COMPLETED", "created_at": "2022-11-30T01:49:17.440Z"}}, {"model": "orders.payment", "pk": 10, "fields": {"user": 31, "payment_id": "6UV62689V7972870Y", "payment_method": "PayPal", "amount_paid": "608.94", "status": "COMPLETED", "created_at": "2022-12-01T03:27:12.889Z"}}, {"model": "orders.order", "pk": 1, "fields": {"user": null, "payment": null, "order_number": "202211261", "first_name": "Aayush", "last_name": "Soni", "phone": "dqadf", "email": "dfiojaspfs@gmail.com", "address_line_1": "sfdasdf", "address_line_2": "sfsdfd", "country": "fsdfsdf", "state": "fsf", "city": "sfsdf", "order_note": "sfsfsdfsdfsdfsdf", "order_total": 199.0, "tax": 3.98, "status": "New", "ip": "127.0.0.1", "is_ordered": false, "created_at": "2022-11-26T21:47:19.655Z", "updated_at": "2022-11-26T21:47:19.669Z"}}, {"model": "orders.order", "pk": 2, "fields": {"user": 31, "payment": null, "order_number": "202211262", "first_name": "asddasdas", "last_name": "34234234", "phone": "23847329084", "email": "asdasd@gmail.com", "address_line_1": "234234", "address_line_2": "4324324", "country": "3weewerwer", "state": "3443", "city": "34334", "order_note": "22343242342342werewr", "order_total": 199.0, "tax": 3.98, "status": "New", "ip": "127.0.0.1", "is_ordered": false, "created_at": "2022-11-26T21:50:38.172Z", "updated_at": "2022-11-26T21:50:38.184Z"}}, {"model": "orders.order", "pk": 3, "fields": {"user": 31, "payment": null, "order_number": "202211263", "first_name": "Aayush", "last_name": "Soni", "phone": "232334234", "email": "aayujs2e23133@gmail.com", "address_line_1": "234234", "address_line_2": "324234", "country": "324", "state": "34234234", "city": "234324", "order_note": "234324", "order_total": 199.0, "tax": 3.98, "status": "New", "ip": "127.0.0.1", "is_ordered": false, "created_at": "2022-11-26T22:01:26.537Z", "updated_at": "2022-11-26T22:01:26.545Z"}}, {"model": "orders.order", "pk": 4, "fields": {"user": 31, "payment": null, "order_number": "202211264", "first_name": "sasd", "last_name": "asdas", "phone": "3e34e3", "email": "asdsad@gmail.com", "address_line_1": "34234", "address_line_2": "23234", "country": "234234", "state": "234342", "city": "234234", "order_note": "234 234234234324234", "order_total": 199.0, "tax": 3.98, "status": "New", "ip": "127.0.0.1", "is_ordered": false, "created_at": "2022-11-26T22:06:27.740Z", "updated_at": "2022-11-26T22:06:27.753Z"}}, {"model": "orders.order", "pk": 5, "fields": {"user": 31, "payment": null, "order_number": "202211265", "first_name": "sasd", "last_name": "asdas", "phone": "3e34e3", "email": "asdsad@gmail.com", "address_line_1": "34234", "address_line_2": "23234", "country": "234234", "state": "234342", "city": "234234", "order_note": "234 234234234324234", "order_total": 199.0, "tax": 3.98, "status": "New", "ip": "127.0.0.1", "is_ordered": false, "created_at": "2022-11-26T23:37:51.190Z", "updated_at": "2022-11-26T23:37:51.197Z"}}, {"model": "orders.order", "pk": 6, "fields": {"user": 31, "payment": null, "order_number": "202211266", "first_name": "sasd", "last_name": "asdas", "phone": "3e34e3", "email": "asdsad@gmail.com", "address_line_1": "34234", "address_line_2": "23234", "country": "234234", "state": "234342", "city": "234234", "order_note": "234 234234234324234", "order_total": 199.0, "tax": 3.98, "status": "New", "ip": "127.0.0.1", "is_ordered": false, "created_at": "2022-11-26T23:40:13.800Z", "updated_at": "2022-11-26T23:40:13.806Z"}}, {"model": "orders.order", "pk": 7, "fields": {"user": 31, "payment": null, "order_number": "202211267", "first_name": "sasd", "last_name": "asdas", "phone": "3e34e3", "email": "asdsad@gmail.com", "address_line_1": "34234", "address_line_2": "23234", "country": "234234", "state": "234342", "city": "234234", "order_note": "234 234234234324234", "order_total": 199.0, "tax": 3.98, "status": "New", "ip": "127.0.0.1", "is_ordered": false, "created_at": "2022-11-26T23:40:27.087Z", "updated_at": "2022-11-26T23:40:27.096Z"}}, {"model": "orders.order", "pk": 8, "fields": {"user": 31, "payment": null, "order_number": "202211268", "first_name": "asdas", "last_name": "dasd", "phone": "23234", "email": "dssd@gmail.com", "address_line_1": "234234", "address_line_2": "234234", "country": "234234234", "state": "234342", "city": "234234", "order_note": "34234234234234", "order_total": 199.0, "tax": 3.98, "status": "New", "ip": "127.0.0.1", "is_ordered": false, "created_at": "2022-11-26T23:41:20.321Z", "updated_at": "2022-11-26T23:41:20.330Z"}}, {"model": "orders.order", "pk": 9, "fields": {"user": 31, "payment": null, "order_number": "202211269", "first_name": "asdas", "last_name": "dasd", "phone": "23234", "email": "dssd@gmail.com", "address_line_1": "234234", "address_line_2": "234234", "country": "234234234", "state": "234342", "city": "234234", "order_note": "34234234234234", "order_total": 199.0, "tax": 3.98, "status": "New", "ip": "127.0.0.1", "is_ordered": false, "created_at": "2022-11-26T23:45:18.571Z", "updated_at": "2022-11-26T23:45:18.583Z"}}, {"model": "orders.order", "pk": 10, "fields": {"user": 31, "payment": null, "order_number": "2022112610", "first_name": "Aasyu", "last_name": "w", "phone": "w", "email": "q@gmail.com", "address_line_1": "w", "address_line_2": "qww", "country": "wq", "state": "q", "city": "qw", "order_note": "q", "order_total": 199.0, "tax": 3.98, "status": "New", "ip": "127.0.0.1", "is_ordered": false, "created_at": "2022-11-26T23:45:40.672Z", "updated_at": "2022-11-26T23:45:40.685Z"}}, {"model": "orders.order", "pk": 11, "fields": {"user": 31, "payment": null, "order_number": "2022112611", "first_name": "Aasyu", "last_name": "w", "phone": "w", "email": "q@gmail.com", "address_line_1": "w", "address_line_2": "qww", "country": "wq", "state": "q", "city": "qw", "order_note": "q", "order_total": 199.0, "tax": 3.98, "status": "New", "ip": "127.0.0.1", "is_ordered": false, "created_at": "2022-11-26T23:48:49.234Z", "updated_at": "2022-11-26T23:48:49.242Z"}}, {"model": "orders.order", "pk": 12, "fields": {"user": 31, "payment": null, "order_number": "2022112612", "first_name": "Aayush", "last_name": "Soni", "phone": "erqwe32", "email": "aa@gmail.com", "address_line_1": "werewr", "address_line_2": "werwer", "country": "reewrwe", "state": "rewre", "city": "werwe", "order_note": "werwerwerwerer", "order_total": 199.0, "tax": 3.98, "status": "New", "ip": "127.0.0.1", "is_ordered": false, "created_at": "2022-11-26T23:49:04.742Z", "updated_at": "2022-11-26T23:49:04.749Z"}}, {"model": "orders.order", "pk": 13, "fields": {"user": 31, "payment": null, "order_number": "2022112613", "first_name": "Aayush", "last_name": "Soni", "phone": "erqwe32", "email": "aa@gmail.com", "address_line_1": "werewr", "address_line_2": "werwer", "country": "reewrwe", "state": "rewre", "city": "werwe", "order_note": "werwerwerwerer", "order_total": 199.0, "tax": 3.98, "status": "New", "ip": "127.0.0.1", "is_ordered": false, "created_at": "2022-11-26T23:50:22.642Z", "updated_at": "2022-11-26T23:50:22.649Z"}}, {"model": "orders.order", "pk": 14, "fields": {"user": 31, "payment": null, "order_number": "2022112614", "first_name": "Aayush", "last_name": "Soni", "phone": "erqwe32", "email": "aa@gmail.com", "address_line_1": "werewr", "address_line_2": "werwer", "country": "reewrwe", "state": "rewre", "city": "werwe", "order_note": "werwerwerwerer", "order_total": 199.0, "tax": 3.98, "status": "New", "ip": "127.0.0.1", "is_ordered": false, "created_at": "2022-11-26T23:50:25.452Z", "updated_at": "2022-11-26T23:50:25.459Z"}}, {"model": "orders.order", "pk": 15, "fields": {"user": 31, "payment": null, "order_number": "2022112615", "first_name": "Aayush", "last_name": "Soni", "phone": "erqwe32", "email": "aa@gmail.com", "address_line_1": "werewr", "address_line_2": "werwer", "country": "reewrwe", "state": "rewre", "city": "werwe", "order_note": "werwerwerwerer", "order_total": 199.0, "tax": 3.98, "status": "New", "ip": "127.0.0.1", "is_ordered": false, "created_at": "2022-11-26T23:53:44.355Z", "updated_at": "2022-11-26T23:53:44.366Z"}}, {"model": "orders.order", "pk": 16, "fields": {"user": 31, "payment": null, "order_number": "2022112616", "first_name": "Aayush", "last_name": "Soni", "phone": "erqwe32", "email": "aa@gmail.com", "address_line_1": "werewr", "address_line_2": "werwer", "country": "reewrwe", "state": "rewre", "city": "werwe", "order_note": "werwerwerwerer", "order_total": 199.0, "tax": 3.98, "status": "New", "ip": "127.0.0.1", "is_ordered": false, "created_at": "2022-11-26T23:55:52.995Z", "updated_at": "2022-11-26T23:55:53.002Z"}}, {"model": "orders.order", "pk": 17, "fields": {"user": 31, "payment": null, "order_number": "2022112617", "first_name": "Aayush", "last_name": "Soni", "phone": "erqwe32", "email": "aa@gmail.com", "address_line_1": "werewr", "address_line_2": "werwer", "country": "reewrwe", "state": "rewre", "city": "werwe", "order_note": "werwerwerwerer", "order_total": 199.0, "tax": 3.98, "status": "New", "ip": "127.0.0.1", "is_ordered": false, "created_at": "2022-11-26T23:56:08.619Z", "updated_at": "2022-11-26T23:56:08.626Z"}}, {"model": "orders.order", "pk": 18, "fields": {"user": 31, "payment": null, "order_number": "2022112618", "first_name": "Aayush", "last_name": "Soni", "phone": "erqwe32", "email": "aa@gmail.com", "address_line_1": "werewr", "address_line_2": "werwer", "country": "reewrwe", "state": "rewre", "city": "werwe", "order_note": "werwerwerwerer", "order_total": 199.0, "tax": 3.98, "status": "New", "ip": "127.0.0.1", "is_ordered": false, "created_at": "2022-11-26T23:56:40.311Z", "updated_at": "2022-11-26T23:56:40.317Z"}}, {"model": "orders.order", "pk": 19, "fields": {"user": 31, "payment": null, "order_number": "2022112619", "first_name": "Aayush", "last_name": "Soni", "phone": "erqwe32", "email": "aa@gmail.com", "address_line_1": "werewr", "address_line_2": "werwer", "country": "reewrwe", "state": "rewre", "city": "werwe", "order_note": "werwerwerwerer", "order_total": 199.0, "tax": 3.98, "status": "New", "ip": "127.0.0.1", "is_ordered": false, "created_at": "2022-11-26T23:56:44.210Z", "updated_at": "2022-11-26T23:56:44.217Z"}}, {"model": "orders.order", "pk": 20, "fields": {"user": 31, "payment": null, "order_number": "2022112620", "first_name": "Aayush", "last_name": "Soni", "phone": "erqwe32", "email": "aa@gmail.com", "address_line_1": "werewr", "address_line_2": "werwer", "country": "reewrwe", "state": "rewre", "city": "werwe", "order_note": "werwerwerwerer", "order_total": 199.0, "tax": 3.98, "status": "New", "ip": "127.0.0.1", "is_ordered": false, "created_at": "2022-11-26T23:56:59.243Z", "updated_at": "2022-11-26T23:56:59.250Z"}}, {"model": "orders.order", "pk": 21, "fields": {"user": 31, "payment": null, "order_number": "2022112621", "first_name": "Aayush", "last_name": "Soni", "phone": "erqwe32", "email": "aa@gmail.com", "address_line_1": "werewr", "address_line_2": "werwer", "country": "reewrwe", "state": "rewre", "city": "werwe", "order_note": "werwerwerwerer", "order_total": 199.0, "tax": 3.98, "status": "New", "ip": "127.0.0.1", "is_ordered": false, "created_at": "2022-11-26T23:58:09.895Z", "updated_at": "2022-11-26T23:58:09.901Z"}}, {"model": "orders.order", "pk": 22, "fields": {"user": 31, "payment": null, "order_number": "2022112622", "first_name": "Aayush", "last_name": "Soni", "phone": "erqwe32", "email": "aa@gmail.com", "address_line_1": "werewr", "address_line_2": "werwer", "country": "reewrwe", "state": "rewre", "city": "werwe", "order_note": "werwerwerwerer", "order_total": 199.0, "tax": 3.98, "status": "New", "ip": "127.0.0.1", "is_ordered": false, "created_at": "2022-11-27T03:22:44.904Z", "updated_at": "2022-11-27T03:22:44.911Z"}}, {"model": "orders.order", "pk": 23, "fields": {"user": 31, "payment": null, "order_number": "2022112623", "first_name": "Aayush", "last_name": "Soni", "phone": "erqwe32", "email": "aa@gmail.com", "address_line_1": "werewr", "address_line_2": "werwer", "country": "reewrwe", "state": "rewre", "city": "werwe", "order_note": "werwerwerwerer", "order_total": 405.96, "tax": 7.96, "status": "New", "ip": "127.0.0.1", "is_ordered": false, "created_at": "2022-11-27T03:25:17.443Z", "updated_at": "2022-11-27T03:25:17.456Z"}}, {"model": "orders.order", "pk": 24, "fields": {"user": 31, "payment": null, "order_number": "2022112624", "first_name": "Aayush", "last_name": "Soni", "phone": "erqwe32", "email": "aa@gmail.com", "address_line_1": "werewr", "address_line_2": "werwer", "country": "reewrwe", "state": "rewre", "city": "werwe", "order_note": "werwerwerwerer", "order_total": 405.96, "tax": 7.96, "status": "New", "ip": "127.0.0.1", "is_ordered": false, "created_at": "2022-11-27T03:26:47.026Z", "updated_at": "2022-11-27T03:26:47.039Z"}}, {"model": "orders.order", "pk": 25, "fields": {"user": 31, "payment": null, "order_number": "2022112625", "first_name": "Aayush", "last_name": "Soni", "phone": "erqwe32", "email": "aa@gmail.com", "address_line_1": "werewr", "address_line_2": "werwer", "country": "reewrwe", "state": "rewre", "city": "werwe", "order_note": "werwerwerwerer", "order_total": 405.96, "tax": 7.96, "status": "New", "ip": "127.0.0.1", "is_ordered": false, "created_at": "2022-11-27T03:29:57.112Z", "updated_at": "2022-11-27T03:29:57.119Z"}}, {"model": "orders.order", "pk": 46, "fields": {"user": 31, "payment": 9, "order_number": "2022112946", "first_name": "Aayush", "last_name": "SOni", "phone": "123123423", "email": "aayushleafs@gmail.com", "address_line_1": "23432432", "address_line_2": "23423", "country": "34243", "state": "34", "city": "234234", "order_note": "343434324234", "order_total": 202.98, "tax": 3.98, "status": "New", "ip": "127.0.0.1", "is_ordered": true, "created_at": "2022-11-30T01:49:02.521Z", "updated_at": "2022-11-30T01:49:17.455Z"}}, {"model": "orders.order", "pk": 47, "fields": {"user": 31, "payment": 10, "order_number": "2022113047", "first_name": "Aayush", "last_name": "Soni", "phone": "3455345345", "email": "aayushleafs@gmail.com", "address_line_1": "4534", "address_line_2": "35454", "country": "45345", "state": "45", "city": "45345", "order_note": "453435435345", "order_total": 608.94, "tax": 11.94, "status": "New", "ip": "127.0.0.1", "is_ordered": true, "created_at": "2022-12-01T03:26:57.532Z", "updated_at": "2022-12-01T03:27:12.895Z"}}, {"model": "orders.orderproduct", "pk": 10, "fields": {"order": 46, "payment": 9, "user": 31, "product": 1, "quantity": 1, "product_price": 199.0, "ordered": true, "created_at": "2022-11-30T01:49:17.473Z", "updated_at": "2022-11-30T01:49:17.504Z", "variations": [2, 6]}}, {"model": "orders.orderproduct", "pk": 11, "fields": {"order": 47, "payment": 10, "user": 31, "product": 1, "quantity": 2, "product_price": 199.0, "ordered": true, "created_at": "2022-12-01T03:27:12.908Z", "updated_at": "2022-12-01T03:27:12.932Z", "variations": [3, 5]}}, {"model": "orders.orderproduct", "pk": 12, "fields": {"order": 47, "payment": 10, "user": 31, "product": 1, "quantity": 1, "product_price": 199.0, "ordered": true, "created_at": "2022-12-01T03:27:12.953Z", "updated_at": "2022-12-01T03:27:12.972Z", "variations": [1, 6]}}]